{
    "model_config": {
        "vocab_size": 13,
        "dim": 128,
        "dropout": 0.0,
        "n_layers": 8,
        "n_heads": 8,
        "n_kv_heads": 8,
        "max_seq_len": 20,
        "layer_norm_eps": 1e-05,
        "multiple_of": 32,
        "hidden_dim": null,
        "position_embedding_type": "rotary",
        "use_cache": true
    },
    "train_config": {
        "capacity": 5808844800000,
        "n_epochs": 40,
        "batch_size": 1024,
        "save_dir": "addition_models/128_888_40e/",
        "model_parameters": 1611648,
        "train_samples": 15018
    },
    "num_params": 1611648,
    "accuracy": 0.7203
}